id,title,translation,number,key,meter,piece_type,appears_in,composer,arranger,publisher,publication_place,copyright_holder,copyright_year,medium,file_name,notes,audio_recording
001,19320 End Fragment,,19320,D major,2/2,foxtrot,,,,,,,,print,001_19320-end-fragment_print.pdf,Fragment,
002,2611 End Fragment,,2611,D major,3/4,,,,,,,,,print,002_2611-end-fragment_print.pdf,Fragment,
003,4 Polish Dances,,6006,G major,3/4,mixed,,,,,,,,print,003_4-polish-dances_print.pdf,"Contains four distinct pieces: D Major Kuyawiak (3/4), D Major Kuyawiak (3/4), A Major Mazur (3/4), G major Oberek (3/4)",https://archive.org/details/78_cztery-tnce-polskie-cz-i_gbia0541268a;https://archive.org/details/78_cztery-tnce-polskie-cz-ii_gbia0541268b
004,42nd Street,,,B minor,2/2,foxtrot,"""42nd Street"" (1933 film)",Harry Warren,,,,,,pen,004_42nd-street_pen.pdf,"The very popular closing number from the film of the same name, numerous version were recorded",https://archive.org/details/JV-8149-1933-QmS9PLei5eQUzLk2D3S25B6fzq1mNcsX9LfbAT9hrJYs8h.mp3
006,8000 End Fragment,,8000,G major,3/4,,,,,,,,,print,006_8000-end-fragment_print.pdf,,
007,8469 End Fragment,,8469,G major,4/4,,,,,,,,,print,007_8469-end-fragment_print.pdf,Chords notated,
008,A Little Street Where Old Friends Meet,,,D major,3/4,waltz,,,,,,,,pen,008_a-little-street_pen.pdf,,
009,A Perfect Day,,1474,C major,3/4,song waltz,,Carrie Jacobs-Bond,Henry Silberhorn,Henry Silberhorn,,Carrie Jacobs-Bond,1910,print,009_a-perfect-day_print.pdf,"Includes snippet of ""I Love You Truly"" as introduction",
010,A Zawracaj Od Komina,Swing Around the Chimney,6012,G major,3/4,mazurka,G&V Polish Dance Collection,,Louis Vitak,Vitak-Elsnic Company,"Chicago, Ill.",Vitak-Elsnic Co.,1925,print,010_a-zawracaj-od_print.pdf,,
011,Ach Ich Bin So Muede,"Oh, I Am So Tired",4040,D major,2/4,polka,,,Henry Silberhorn,Henry Silberhorn,"Chicago, Ill.",,,print,011_ach-ich-bin_print.pdf,,
012,All I Do Is Dream of You,,8652,D major,2/2,foxtrot,"MGM's Production ""Sadie McKee""",Nacio Herb Brown,Henry Silberhorn,Henry Silberhorn,"521 Milwaukee Ave., Chicago Ill.",Metro-Goldwyn-Mayer Corp.,1934,print,012_all-i-do-is-dream_print.pdf,"Appears in musical, has tempo marking: ""slowly""",https://archive.org/details/78_all-i-do-is-dream-of-you_larry-vincent-freed-brown_gbia0089659b
013,Andzia s Kodeksem,Annie and the Rulebook,2696,D major,2/4,polka,V+E Polish Dance Collection no. 5,,M. Zmyslo,Vitak-Elsnic Co.,"Chicago, Ill.",,,print,013_andzia-s-kodeksem_print.pdf,,
014,Baczność,Attention!,2420,D major,2/2,march,G&V Polish Dance Collection,,Louis Vitak,Vitak-Elsnic Co.,"Chicago, Ill.",Vitak-Elsnic Co.,1925,print,014_bacznosc_print.pdf,,
015,Barbara Polka,,2283,G major,2/4,polka,,,Rudy Patek,Patek's Music Store,"835 Milwaukee Ave., Chicago, Ill.",,,print,015_barabara-polka_print.pdf,,https://archive.org/details/78_barushka-barbara-polka_connecticut-polish-orchestra-p-d-vich_gbia0528784a
016,Barbara Polka,,,G major,2/4,polka,,,,,,,,pen,016_barbara-polka_pen.pdf,Copied from entry 015,https://archive.org/details/78_barushka-barbara-polka_connecticut-polish-orchestra-p-d-vich_gbia0528784a
017,Bartender Polka,,395,D major,2/4,polka,,"H. Gerlach, Tedy Demey",Joseph P. Elsnic,Vitak-Elsnic Co.,"Chicago, Ill.",Southern Music Pub. Co.,"Broadway, N.Y.C.",print,017_bartender-polka_print.pdf,"Has note, ""As played on Victor Record V-613 by Will Glahe""",
018,Barbara Polka,,,G major,2/4,polka,,,,,,,,pen,018_baruska-polka_pen.pdf,"Duplicate of entry 016, also likely copied from one of these",https://archive.org/details/78_barushka-barbara-polka_connecticut-polish-orchestra-p-d-vich_gbia0528784a
019,"Be Still, My Heart",,8671,D major,2/2,foxtrot,,Allan Flynn and Jack Egan,Frank F. Schmidt,Henry Silberhorn,"521 Milwaukee Ave., Chicago, Ill.",Broadway Music Corp.,1934,print,019_be-still-my-heart_print.pdf,,
020,"Będzie Piwko, Psie Korytko",Beer in the Doggie Dish,15062,D major,3/8,oberek,,,Sta Sobas,John Sitek,"Chicago, Ill.",John Sitek,1933,print,020_bedzie-piwko_print.pdf,Nonsensical drinking song title,
021,Beer Barrel Polka,,2812,D major,2/4,polka,,Lew Brown and Jaromir Vejoda,Joseph P. Elsnic,Vitak-Elsnic Co.,"Chicago, Ill.","Shapiro, Bernstein & Co.",1934,print,021_beer-barrel_print.pdf,Grandad's favorite polka,https://archive.org/details/JV-14507-1939-QmZLffRDja6X8L3aMBnQsJqUxkvuwNxe4EPSYbXwg6prqK.mp3
022,Bialy Mazur,White Mazurka,6004,D major,3/4,mazurka,,W. Osmanski,Henry Silberhorn,Henry Silberhorn,"Chicago, Ill.",,,print,022_bialy-mazur_print.pdf,,https://archive.org/details/78_white-mazur-bialy-mazur_bernard-witkowski-and-his-silver-bells-orch-w-osmanski_gbia0027843b
023,On the Beautiful Blue Danube,,4053,D major,3/4,waltz,,J. Strauss,Henry Silberhorn,Henry Silberhorn,"Chicago, Ill.",,,print,023_blue-danube_print.pdf,,https://archive.org/details/78_on-the-beautiful-blue-danube_vienna-radio-orch_gbia0512444a
024,Blue Hours,,8632,D major,3/4,waltz,,Wayne King and Jerry Castillo,Henry Silberhorn,Henry Silberhorn,"521 Milwaukee Ave., Chicago, Ill.","Leo Feist, Inc.",1933,print,024_blue-hours_print.pdf,,https://archive.org/details/1933-USA-Archives-1933-05-24-Wayne-King-Orch-Blue-Hours
026,Flisak Krakowiak,Fisherman's Krakowiak,,G major,2/4,krakowiak,,,,,,,,pen,026_bruno-flisak-krakowiak_pen.pdf,"""Bruno"" written at top",
027,Bruno,,,D major,3/8,,,,,,,,,pen,027_bruno_pen.pdf,,
028,Bukowina Mazurek,,2643,D major,3/4,mazurka,,,Louis Vitak,Vitak-Elsnic Co.,"Chicago, Ill.",Vitak-Elsnic Co.,1927,print,028_bukowina-mazurek_print.pdf,,
029,By a Waterfall,,8629,D major,2/2,foxtrot,,Irving Kahal and Sammy Fain,Henry Silberhorn,Henry Silberhorn,"521 Milwaukee Ave., Chicago, Ill.",M. Witmark & Sons,1933,print,029_by-a-waterfall_print.pdf,,
030,Cheek to Cheek,,9675,D major,2/2,foxtrot,"RKO-Radio Picture ""Top Hat""",Irving Berlin,Bob Ross,Patek Music Co.,"835 Milwaukee Ave., Chicago, Ill.","Irving Berlin, Inc.",1935,print,030_cheek-to-cheek_print.pdf,,
032,Chłopski Krakowiak,Peasants' Krakowiak,27552,D major,2/4,krakowiak,Polish Dance Album No. 10,,Henry Silberhorn,W. H. Sajewski,"1017 Milwaukee Ave, Chicago, Ill.",W. H. Sajewski,1927,print,032_chlopski-krakowiak_print.pdf,,
033,Cieciorki Polka,Girls' Polka,9515,D major,2/4,polka,G&V Polish Dance Collection,,Louis Vitak,Vitak-Elsnic Co.,"Chicago, Ill.",Vitak-Elsnic Co.,1925,print,033_cieciorki-polka-book_print.pdf,"Subtitled ""Kirta Polka"" (means ""Festival Polka"")",
034,Cieciorki Polka,Girls' Polka,9515,D major,2/4,polka,,,H. Schuckert,Patek's Music Store,"Chicago, Ill.",Patek's Music Store,1922,print,034_cieciorki-polka_print.pdf,E.M. Wunderlich listed as engraver,
035,Cieszmy Się Polka,Let's Rejoice!,2289,A major,2/4,polka,,W. Osmanski,,Georgi & Vitak Music Co.,"Chicago, Ill.",,,print,035_cieszmy-sie-polka-fragment_print.pdf,"Fragment, publisher name cut off",
036,Cikanka,Gypsy Girl,,D major,2/4,polka,,,W. Adeszko,W. H. Sajewski,"1011 Milwaukee Ave., Chicago, Ill.",W. H. Sajewski,1911,print,036_cikanka_print.pdf,,
037,Circus Galop,,395,D major,2/4,galop,G&V Polish Dance Collection,,Louis Vitak,Vitak-Elsnic Co.,"Chicago, Ill.",Vitak-Elsnic Co.,1925,print,037_circus-gallop_print.pdf,,
039,Cuckoo-Waltz,,2611,D major,3/4,waltz,,,,Vitak-Elsnic Co.,"Chicago, Ill.",,,print,039_cuckoo-waltz-fragment_print.pdf,Fragment,
040,Czarna Wrona,Black Cow,15048,D major,2/4,polka,,,Sta. Sobas,John Sitek,,John Sitek,1931,print,040_czarna-wrona-polka_print.pdf,,
041,Czerwone Piwko Polka,Red Beer Polka,15051,D major,2/4,polka,,,Sta. Sobas,John Sitek,,John Sitek,1931,print,041_czerwone-piwko_print.pdf,,
042,Czy Pamiętasy Cóś Mowiła,Do You Remember What She Said?,,G major,2/4,polka,,,W. Adeszko,W. H. Sajewski,"1011 Milwaukee Ave., Chicago, Ill.",W. H. Sajewski,1911,print,042_czy-pamietasy-fragment_print.pdf,Fragment,
043,Czy Pamietasz Cóś Mowiła,Do You Remember What She Said?,2184,G major,2/4,polka,G&V Polish Dance Collection,,Louis Vitak,Vitak-Elsnic Co.,"Chicago, Ill.",Vitak-Elsnic Co.,1925,print,043_czy-pamietasz-cos_print.pdf,,
044,Dziweyno Kocham Cie,"Girl, I Love You",,D major,3/4,mazurka,,,,,,,,pen,044_D major-bruno_pen.pdf,"Title on last page, ""Bruno"" written at top of first page",
045,D Major Fragment,,,D major,2/4,,,,,,,,,pen,045_D major-march-fragment_pen.pdf,"Fragment, no title given",
046,D Major Krakowiak,,,D major,2/4,krakowiak,,,,,,,,pen,046_D major-march_pen.pdf,"No title given except ""Krakowiak"" on last page",
047,Cochalanka Polka,Sweetheart Polka,,D major,2/4,polka,,,,,,,,pencil,047_D major-march_pencil.pdf,"Title uncertain, appears on last page",
049,D Major Waltz End Fragment,,,D major,3/4,waltz,,,,,,,,print,049_D major-waltz-end-fragment_print.pdf,End fragment,
050,D Major Waltz Fragment,,,D major,3/4,waltz,,,,,,,,pencil,050_D major-waltz_pencil.pdf,,
051,Danube Waves Waltz,,,G major,3/4,waltz,,Ivanovici,,Patek's Music Store,"Chicago, Ill.",,,print,051_danube-waves_print.pdf,,
052,Dinah,,8097,D major,2/2,foxtrot,,Harry Akst,Henry Silberhorn,Henry Silberhorn,"Chicago, Ill.",Henry Waterson Inc.,1926,print,052_dinah-fot-trot_print.pdf,,
054,Do Upadłego,Until You Drop,,D major,3/8,oberek,,Powiadowski,W. Adeszko,W. H. Sajewski,"1011 Milwaukee Ave., Chicago, Ill.",W.H. Sajewski,1915,print,054_do-upadlego-fragment_print.pdf,,
055,Doodle-Doo-Doo,,7999,G major,4/4,foxtrot,,Art Kassel & Mel. Stitzel,Henry Silberhorn,Henry Silberhorn,"Chicago, Ill.","Leo Feist, Inc.",1924,print,055_doodle-doo_print.pdf,,
056,Ducaty Polka,Ducats Polka,6505,D major,2/4,polka,,,H. Schuckert,,"Chicago, Ill.",,,print,056_ducaty-polka-fragment_print.pdf,A few illegible sections due to worn edges,
057,Dziadunio,Grandpa,2272,D major,2/4,polka,,,H. Schuckert,Georgi & Vitak Music Co.,"Chicago, Ill.",,,print,057_dziadunio_print.pdf,,
058,Dziennikarski Mazur,Journalist's Mazurka,,D major,3/8,mazurka,V+E Polish Dance Collection no. 5,,Louis Vitak,Georgi & Vitak Music Co.,"Chicago, Ill.",,,print,058_dziennikarski-mazur_print.pdf,,
059,Eeny-Meeny-Miney-Mo,,,G major,2/2,,,,Wallie-J-Sender,,,,,pen,059_eeny-meeny_pen.pdf,,
060,"Ev'ryone Says ""I Love You""",,8581,G major,2/2,foxtrot,,Bert Kalmar & Harry Ruby,Henry Silberhorn,Henry Silberhorn,"521 Milwaukee Ave., Chicago, Ill.",Famous Music Corp.,1932,print,060_evryone-says-i-love_print.pdf,,
061,Feist Medley Fox Trot No. 1,,9662,A major,4/4,foxtrot,,,Henry Schuckert,Patek's Music Co.,"835 Milwaukee Ave., Chicago, Ill.",Leo Feist,1934,print,061_feist-medley_print.pdf,"Medley of ""Feather Your Nest"", ""Goofus"", and ""The Darktown Strutters Ball""",
062,Flisak Krakowiak,Boatman's Krakowiak,15042,G major,2/4,krakowiak,,,Sta. Sobas,John Sitek,,,,print,062_flisak-krakowiak_print.pdf,,
063,Follow The Swallow,,7998,A major,4/4,foxtrot,,"Billy Rose, Mort Dixon, and Ray Henderson",Henry Silberhorn,Henry Silberhorn,"Chicago, Ill.",Jerome H. Remick & Co.,1924,print,063_follow-the-swallow_print.pdf,,
064,Footloose and Fancyfree,,8692,D major,2/2,foxtrot,,Gus Kahn & Carmen Lombardo,Frank F. Schmidt,Henry Silberhorn,"Chicago, Ill.",Metro-Goldwyn-Mayer Corp.,1935,print,064_footloose-and-fancyfree_print.pdf,,
065,Four Polish Dances,4 Polskie Tance,6006,G major,3/4,mixed,,,,Patek's Music Store,"Chicago, Ill.",,,print,065_four-polish-dances_print.pdf,"Group of four pieces in different keys, times, and piece types",
066,Francuzka-Polka,French Lady Polka,,D major,2/4,polka,,,,,,,,pen,066_francuszka-polka_pen.pdf,,
067,Francuzka Polka,French Lady Polka,,D major,2/4,polka,,,,John Sitek,,,,print,067_francuzka-polka_print.pdf,,
068,Untitled G major Piece,,,G major,2/2,,,,,,,,,pen,068_G major-march_pen.pdf,,
069,Na Piszę Karteczke do Rzymu,Writing a Little Card to Rome,,G major,2/4,polka,,,,,,,,pencil,069_G major-march_pencil.pdf,,
070,G major End Fragment,,,G major,3/4,,,,,,,,,print,070_G major-p3-fragment_print.pdf,,
071,4th Piece in Set (Fragment),,,G major,3/4,,,,,,,,,print,071_G major-p5-fragment_print.pdf,,
072,G major Polka (Untitled),,,G major,2/4,polka,,,,,,,,pen,072_G major-polka_pen.pdf,,
073,G major Waltz End Fragment,,,G major,3/4,waltz,,,,,,,,print,073_G major-waltz-end-fragment_print.pdf,,
074,C Major Fragment,,,C major,3/4,,,,,,,,,pen,074_G major-waltz-fragment_pen.pdf,,
075,German Home Sweet Home,,4145,D major,3/4,,,,Henry Silberhorn,Henry Silberhorn,"Chicago, Ill.",Henry Silberhorn,1911,print,075_german-home-sweet_print.pdf,,
076,Give Me A Night In June,,,D major,2/2,foxtrot,,,,,,,,pen,076_give-me-a-night_pen.pdf,,
077,Good Night Little Girl of My Dreams,,9653,D major,3/4,waltz,,Charlie Tobias and Joe Burke,Henry Schuckert,Patek's Music Co.,"835 Milwaukee Ave., Chicago, Ill.",Joe Morris Music Co.,,print,077_good-night-little-girl_print.pdf,,
078,Good Night My Love,,255,G major,2/2,foxtrot,,Mack Gordon and Harry Revel,Joseph P. Elsnic,Vitak-Elsnic Co.,"Chicago, Ill.",Robbins Music Corp.,1936,print,078_good-night-my-love_print.pdf,,
079,Good Night Sweetheart,,8529,C major,2/2,foxtrot,,"Ray Noble, Jimmy Campbell & Reg. Conelly",Henry Silberhorn,Henry Silberhorn,"521 Milwaukee Ave., Chicago, Ill.","Campbell, Connelly, & Co.",1931,print,079_good-night-sweetheart_print.pdf,Copyright based in England,
080,Goofus,,1990,D major,2/2,foxtrot,,"Gus Kahn, Wayne King, and William Harold",Frank F. Schmidt,Henry Silberhorn,"Chicago, Ill.",Leo Feist,1930,print,080_goofus-fox-trot_print.pdf,,
081,Goofus,,,G major,2/2,foxtrot,,,,,,,,pen,081_goofus_pen.pdf,Different key/arrangement than ID#080 Goofus in this collection ,
082,Goralska Polka,Highlander's Polka,2695,D minor,2/4,polka,V+E Polish Dance Collection no. 5,,Geo. Paluch,Vitak-Elsnic Co.,"Chicago, Ill.",Vitak-Elsnic Co.,1928,print,082_goralska-polka_print.pdf,"Rare D minor key, modulates to D Major",
083,Góralska Polka,Highlander's Polka,,D major,2/4,polka,V+E Polish Dance Collection no. 4,,Louis Vitak,Vitak-Elsnic Co.,"Chicago, Ill.",,,print,083_goralska_print.pdf,The collection in which this originally appeared is not extant in my grandfather's belongings (the collection is noted in the bottom left of the page),
084,Grochowka Polka,Pea Soup Polka,,G major,2/4,polka,,,,,,,,pen,084_grochowianka_pen.pdf,,
086,Gwiazdkowe i Swiateczne Piesni,Christmas and Holiday Songs,2586,D major,2/2,mixed,,,Louis Vitak,Vitak-Elsnic Co.,"Chicago, Ill.",,,print,086_gwiazdkowe-i_print.pdf,Collection of 6 very short tunes relating to holidays,
087,Ha-Cha-Cha,,8666,D major,2/2,foxtrot,"""Caravan"" a FOX picture",Gus Kahn & Werner R. Heymann,Frank F. Schmidt,Henry Silberhorn,"521 Milwaukee Ave., Chicago, Ill.",Movietone Music Corp.,1934,print,087_ha-cha-cha_print.pdf,,
088,Helena- Polka,,2085,D major,2/4,polka,,,Louis Vitak,Georgi & Vitak,"Chicago, Ill.",,,print,088_helena-polka_print.pdf,,
089,"Hello, Beautiful!",,8499,D major,2/2,foxtrot,,Walter Donaldson,Frank F. Schmidt,Henry Silberhorn,"521 Milwaukee Ave., Chicago, Ill.","Donaldson, Douglas & Gumble, Inc.",1931,print,089_hello-beautiful_print.pdf,,
090,High-on-a-Hilltop,,,G major,2/2,foxtrot,,,Wallie J. Sender,,,,,pen,090_high-on-a-hilltop_pen.pdf,,
091,Hiszpanka Walc,Spanish Waltz,,G major,3/4,waltz,,,,John Sitek,,,,print,091_hizpanka-walc_print.pdf,,
092,Hopp Hopp,,2465,D major,3/4,mazurka,G&V Polish Dance Collection,,Louis Vitak,Vitak-Elsnic Co.,"Chicago, Ill.",Vitak-Elsnic Co.,1925,print,092_hopp-hopp_print.pdf,,
093,Hopsa Polka,Hop! Polka,9512,A major,2/4,polka,,,Leo Korman,Patek's Music Store,"Chicago, Ill.",Patek's Music Store,1922,print,093_hopsa-polka_print.pdf,,
094,I Was Lucky,,8683,D major,2/2,foxtrot,"""Folies Bergere De Paris"" (1935 movie)",Jack Meskill & Jack Stern,Henry Silberhorn,Henry Silberhorn,"Chicago, Ill.",Robbins Music Corp.,1935,print,094_i-was-lucky_print.pdf,"Includes rare tempo marking: ""Slow, with expression""",
095,Ida! Sweet As Apple Cider,,9702,G major,2/4,foxtrot,,Eddie Leonard,Joseph P. Elsnic,Vitak-Elsnic Co.,"4639 So. Ashland Ave., Chicago, Ill.",Edw. B. Marks Music Co.,1930,print,095_ida-sweet-as_print.pdf,,
096,I'll Always Be In Love With You,,8378,A major,3/4,waltz,,"Herman Ruby, Bud Green & Sam H. Stept",Henry Silberhorn,Henry Silberhorn,"521 Milwaukee Ave., Chicago, Ill.","Green & Stept, Inc.",1929,print,096_ill-always-be_print.pdf,,
097,I'll Be Faithful,,171,C major,2/2,foxtrot,,Ned Washington & Allie Wrubel,Joseph P. Elsnic,Vitak-Elsnic Co.,"4815 So. Ashland Ave., Chicago, Ill.",Metro-Goldwyn-Mayer Corp.,1933,print,097_ill-be-faithful_print.pdf,"Includes tempo marking ""Slow""",
098,I'll String Along With You,,8649,G major,2/2,foxtrot,"""Twenty Million Sweethearts"" (movie)",Al. Dubin & Harry Warren,Henry Silberhorn,Henry Silberhorn,"521 Milwaukee Ave., Chicago, Ill.",M. Witmark & Sons,1934,print,098_ill-string-along_print.pdf,"Includes tempo marking ""Slowly and smoothly""",
099,I'm Sure of Everything But You,,8589,G major,2/2,foxtrot,,"Chas. O'Flynn, Geo. W. Meyer & Pete Wendling",Frank F. Schmidt,Henry Silberhorn,"519-21 Milwaukee Ave. Chicago, Ill.","Heit-Engel, Inc.",1932,print,099_im-sure-of-everything_print.pdf,,
100,In A Little Spanish Town,,8171,D major,3/4,waltz,,Lewis and Young,Henry Silberhorn,Henry Silberhorn,"516 Milwaukee Ave., Chicago, Ill.","Leo. Feist, Inc.",1926,print,100_in-a-little-spanish_print.pdf,"Subtitle: ""'Twas on a Night Like This""",
101,One-Night-in-Monte-Carlo,,,C major,2/2,,,,Wallie J Sender,,,,,pen,101_in-monte-carlo_pen.pdf,,
102,In the Chapel in the Moonlight,,245,G major,4/4,foxtrot,,Billy Hill,Joseph P. Elsnic,Vitak-Elsnic Co.,"4815 Ashland Ave., Chicago, Ill.","Shapiro, Bernstein & Co.",1936,print,102_in-the-chapel_print.pdf,,
103,In The Valley Of The Moon,,8599,D major,3/4,waltz,,Charlie Tobias and Joe Burke,Frank F. Schmidt,Henry Silberhorn,"521 Milwaukee Ave., Chicago, Ill.",Joe Morris Music Co.,1933,print,103_in-the-valley_print.pdf,,
104,I've Got A Feelin' You're Foolin',,8701,D major,2/2,foxtrot,"""Broadway Melody of 1936"" (movie)",Arthur Freed and Nacio Herb Brown,Henry Silberhorn,Henry Silberhorn,"521 Milwaukee Ave., Chicago, Ill.",Metro-Goldwyn-Mayer Corp.,1935,print,104_ive-got-a-feelin_print.pdf,,
105,Jak To Na Wojence Ladnie,How Pretty It Is in the War,15052,C major,2/4,polka,,,Joseph P. Elsnic,Vitak-Elsnic Co.,"4639 So. Ashland Ave., Chicago, Ill.",,,print,105_jak-to-na-wojence_print.pdf,"A very popular Polish song, title is ironic",
106,Jak to Nawojence Ładnie,How Pretty It Is in the War,15052,D major,2/4,polka,,,Sta. Sobas,John Sitek,,John Sitek,1931,print,106_jak-to-nawojence_print.pdf,A different arrangement of ID#105,
107,Julianna,,2132,G major,3/4,mazurka,G&V Polish Dance Collection,,Louis Vitak,Vitak-Elsnic Co.,"Chicago, Ill.",Vitak-Elsnic Co.,1922,print,107_julianna_print.pdf,,
108,June in January,,8672,D major,2/2,foxtrot,,Leo Robin & Ralph Rainger,Henry Silberhorn,Henry Silberhorn,"521 Milwaukee Ave., Chicago, Ill.",Paramount Productions Corp.,1934,print,108_june-in-january_print.pdf,"Tempo marking: ""Slowly & broadly""",
109,Just One More Chance,,8521,D major,2/2,foxtrot,,Sam Coslow and Arthur Johnston,Frank F. Schmidt,Henry Silberhorn,"521 Milwaukee Ave., Chicago, Ill.",Famous Music Corp.,1931,print,109_just-one-more-chance_print.pdf,,
110,Kanarek Polka,Canary Polka,2396,G major,2/4,polka,G&V Polish Dance Collection,,Louis Vitak,Vitak-Elsnic Co.,"Chicago, Ill.",Vitak-Elsnic Co.,1925,print,110_kanarek-polka_print.pdf,,
111,Krakowiak Oryginalna,Traditional Krakowiak,6079,G major,2/4,krakowiak,,,Henry Silberhorn,Henry Silberhorn,"Chicago, Ill.",Henry Silberhorn,1923,print,111_karkowiak-oryginalna_print.pdf,,
112,Kaśka z Mazurem,Katie with the Mazurka,6019,G major,3/4,mazurka,G&V Polish Dance Collection,,Louis Vitak,Vitak-Elsnic Co.,"Chicago, Ill.",Vitak-Elsnic Co.,1925,print,112_kaska-z-mazurem_print.pdf,,
113,Katarina Polka,,4523,D major,2/4,polka,,,Henry Silberhorn,Henry Silberhorn,"Chicago, Ill.",,,print,113_katarina-polka-fragment_print.pdf,"Fragment, edges heavily worn",
114,Kinder Polka,Children's Polka,4502,D major,2/4,polka,,,Henry Silberhorn,Henry Silberhorn,"Chicago, Ill.",,,print,114_kinder-polka-fragment_print.pdf,Final measure worn,
115,Klara Polka,,6327,G major,2/4,polka,,,Henry Silberhorn,Henry Silberhorn,"519-21 Milwaukee Ave., Chicago",,,print,115_klara-polka_print.pdf,,
116,Kokietka Polka,Coquette Polka,,G major,2/4,polka,Slight wear obscures one of the last measures,,W. Adeszko,W.H. Sajewski,"1011 Milwaukee Ave., Chicago, Ill.",W.H. Sajewski,1912,print,116_kokietka-polka-fragment_print.pdf,,
117,Koniec Swiata Polka,End of the World Polka,,D major,2/4,polka,,,W. Adeszko,W.H. Sajewski,"1011 Milwaukee Ave., Chicago, Ill.",W.H. Sajewski,1919,print,117_koniec-swiata_print.pdf,,
118,Kotka Polka,Kitty Polka,,G major,2/4,polka,V+E Polish Dance Collection no. 5,,Louis Vitak,Georgi & Vitak Music Co.,"Chicago, Ill.",,,print,118_kotka-polka_print.pdf,,
119,Krakowiak No. 2.,Polish National Dance,6017,G major,2/4,krakowiak,,,,Georgi & Vitak Music Co.,"Chicago, Ill.",,,print,119_krakowiak-2_print.pdf,,
120,"Będzie Piwko, Psie Korytko",Beer in the Doggie Dish,,D major,3/8,obertas,,,,,,,,pen,120_krakowiak-no2_pen.pdf,"Title at the top (""Krakowiak no. 2"") appears to refer to something else- the title at the bottom is correct.  See ID#020",
121,Krakowiak No. 2,,,D major,2/4,krakowiak,,,,,,,,pencil,121_krakowiak-no2_pencil.pdf,,
123,Kreutz Polka,,2098,D major,2/4,polka,G&V Polish Dance Collection,,Louis Vitak,Vitak-Elsnic Co.,"Chicago, Ill.",Vitak-Elsnic Co.,1925,print,123_kreutz-polka_print.pdf,,
124,Kujawiak No. 6,,2149,A major,3/4,kujawiak,,,F. Rozanski,,,,,print,124_kujawiak-6_print.pdf,Publisher cut off at bottom,
125,Kujawiak No. 7.,,2157,D major,3/4,kujawiak,G&V Polish Dance Collection,,Louis Vitak,Vitak-Elsnic Co.,"Chicago, Ill.",Vitak-Elsnic Co.,1925,print,125_kujawiak-7_print.pdf,,
126,Kujawiak Muszynskiego,Muszynski’s Kujawiak,2589,D major,3/4,kujawiak,G&V Polish Dance Collection,S. Muszynski,Louis Vitak,Vitak-Elsnic Co.,"Chicago, Ill.",Vitak-Elsnic Co.,1925,print,126_kujawiak-muszynskiego_print.pdf,,
127,Dzien Dobry Kujawiak,Hello Kujawiak,2577,D major,3/4,kujawiak,,,Louis Vitak,Georgi & Vitak Music Co.,"Chicago, Ill.",,,print,127_kujawiak-no8_print.pdf,,
128,Kujawiak Staro Krajski No.2,Old-Country Kujawiak No.2,,C major,3/4,kujawiak,V+E Polish Dance Collection no. 5,,Louis Vitak,Georgi & Vitak Music Co.,"Chicago, Ill.",,,print,128_kujawiak-staro-krajski-2_print.pdf,,
129,Kujawiak Staro Krajski,Old-Country Kujawiak,2134,D major,3/4,kujawiak,G&V Polish Dance Collection,,Louis Vitak,Vitak-Elsnic Co.,"Chicago, Ill.",Vitak-Elsnic Co.,1925,print,129_kujawiak-staro-krajski_print.pdf,,
130,Kujawiak z Oberkiem,Kujawiak with an Oberek,,D major,3/8,mixed,,,W. Adeszko,W.H. Sajewski,"1011 Milwaukee Ave. Chicago, Ill.",W.H. Sajewski,1915,print,130_kujawiak-z-oberkiem_print.pdf,,
131,"Kuku ""Polka""",Cuckoo Polka,2398,D major,2/4,polka,,,Louis Vitak,Georgi & Vitak Music Co.,"Chicago, Ill.",,,print,131_kuku-polka_print.pdf,,
132,La Spagnola (Hispanka) Waltz,Spanish Lady Waltz,7029,G major,3/4,waltz,V+E Polish Dance Collection no. 5,,Louis Vitak,Georgi & Vitak Music Co.,"Chicago, Ill.",,,print,132_la-spagnola_print.pdf,,
133,Laczka Zielona-Walc,Little Green Meadow Waltz,5005,G major,3/4,waltz,G&V Polish Dance Collection,,Louis Vitak,Vitak-Elsnic Co.,"Chicago, Ill.",Vitak-Elsnic Co.,1925,print,133_laczka-zielona_print.pdf,,
134,Lastucka Polka,Little Swallow Polka,6522,G major,2/4,polka,,,Henry Silberhorn,,,,,print,134_lastucka-polka_print.pdf,,
135,Lesna Bajka Waltz,Woodland Story Waltz,,C major,3/4,waltz,,,,,,,,pen,135_lesna-bajka_pen.pdf,,
136,Let Me Call You Sweetheart,,1063,D major,3/4,waltz,,,Henry Silberhorn,Henry Silberhorn,"Chicago, Ill.",Harold Rossiter Music Co.,1910,print,136_let-me-call-you_print.pdf,,
137,Lida Polka,,6000,G major,2/4,polka,G&V Polish Dance Collection,,Louis Vitak,Vitak-Elsnic Co.,"Chicago, Ill.",Vitak-Elsnic Co.,1925,print,137_lida-polka_print.pdf,,
138,Lithuanian Vestuviu,Garden or Westwind Polka,2323,D major,2/4,polka,,,Louis Vitak,Vitak-Elsnic Co.,"Chicago, Ill.",,,print,138_lithuanian-vestuviu_print.pdf,,
140,Louka Zelena Waltz,Green Meadow Waltz,,G major,3/4,waltz,,,,,,,,pen,140_louka-zelena_pen.pdf,,
141,Love in Bloom,,8656,G major,2/2,foxtrot,"""She Loves Me Not"" (Paramount Picture)",Leo Robin and Ralph Rainger,Frank F. Schmidt,Henry Silberhorn,"521 Milwaukee Ave., Chicago, Ill.",Famous Music Corp.,1934,print,141_love-in-bloom_print.pdf,"Tempo marking: ""Slowly, with expression""",
142,Lucia Polka,,6029,F major,2/4,polka,,,,Patek's Music Store,"Chicago, Ill.",,,print,142_lucia-polka-pateks_print.pdf,"Subtitle: ""Owczarek"" - probably a surname, maybe the composer",
143,Lucia Polka,,6029,F major,2/4,polka,,,,Georgi & Vitak Music Co.,"Chicago, Ill.",,,print,143_lucia-polka_print.pdf,"Duplicate of ID#142, but with a different publisher. Arrangement appears the same.",
144,Lulu's Back in Town,,8700,G major,2/2,foxtrot,"""Broadway's Gondolier"" (Warner Bros. Picture)",Al. Dubin & Harry Warren,Henry Silberhorn,Henry Silberhorn,"521 Milwaukee Ave., Chicago, Ill.",M. Witmark and Sons,1935,print,144_lulus-back-in_print.pdf,,
145,Lwowianin,The Man from Lwów,15065,D major,3/4,,,,Sta. Sobas,,,,1933,pen,145_lwowianin_pen.pdf,,
146,Maciek w Korycie,Matty in the Trough,27552,D major,3/8,oberek,Polish Dance Album No. 10,,Henry Silberhorn,W. H. Sajewski,"1017 Milwaukee Ave., Chicago, Ill.",W. H. Sajewski,1927,print,146_maciek-w-korycie_print.pdf,,
147,Malgozartka Galop,Maggie's Galop,,D major,2/4,galop,V+E Polish Dance Collection no. 5,,Louis Vitak,Georgi & Vitak Music Co.,"Chicago, Ill.",,,print,147_malgorzatka-galop_print.pdf,,
148,Maniuta Polka,Maria Polka,,D major,2/4,polka,V+E Polish Dance Collection no. 5,,Louis Vitak,Georgi & Vitak Music Co.,"Chicago, Ill.",,,print,148_maniuta-polka_print.pdf,,
150,Marsz Dla Młodej Pary,Wedding March,,D major,2/4,march,,,W. Adeszko,W.H. Sajewski,"1017 Milwaukee Ave., Chicago, Ill.",W.H. Sajewski,1914,print,150_marsz-dla-mlodej_print.pdf,,
151,Marsz Wychodny,Departure March,,D major,2/4,march,,,,,,,,pen,151_marsz-wychodny_pen.pdf,"No numbers, just the melody line. Includes rare dynamic marking- ""ff""",
152,Martha Polka,,2189,G major,2/4,polka,,,John Sinsky,Eugene Maczka,,,,pen,152_martha-polka_pen.pdf,Publisher likely related to my great-grandfather! (Euguene Maczka written as publisher),
153,Matus Moja Matus,"Mother, My Mother",2243,D major,3/4,mazurka,G&V Polish Dance Collection,,Louis Vitak,Vitak-Elsnic Co.,"Chicago, Ill.",Vitak-Elsnic Co.,1925,print,153_matus-moja-matus-book_print.pdf,,
154,Matuś Moja Matuś Mazur,"Mother, My Mother Mazurka",,D major,3/8,mazurka,,,W. Adeszko,W.H. Sajewski,"1011 Milwaukee Ave., Chicago, Ill.",W.H. Sajewski,1912,print,154_matus-moja-matus_print.pdf,Different arrangement than ID#153,
155,Mazur No. 20,Mazurka No. 20,,D major,3/8,mazurka,V+E Polish Dance Collection no. 5,,Louis Vitak,Georgi & Vitak Music Co.,"Chicago, Ill.",,,print,155_mazur-20_print.pdf,,
156,Mazur Dominjak,Dominjak's Mazurka,,G major,3/4,mazurka,V+E Polish Dance Collection no. 5,,Louis Vitak,Georgi & Vitak Music Co.,"Chicago, Ill.",,,print,156_mazur-dominjak_print.pdf,,
157,Mazur Gorskiego,Gorski's Mazurka,,G major,3/4,mazurka,V+E Polish Dance Collection no. 5,,Louis Vitak,Georgi & Vitak Music Co.,"Chicago, Ill.",,,print,157_mazur-gorskiego_print.pdf,,
158,Mazur Madeja,Madej's Mazurka,,G major,3/4,mazurka,V+E Polish Dance Collection no. 5,,Louis Vitak,Georgi & Vitak Music Co.,"Chicago, Ill.",,,print,158_mazur-madeja_print.pdf,,
159,Mazur Modejeckiego,Modejecki’s Mazurka,,D major,3/4,mazurka,V+E Polish Dance Collection no. 5,,Louis Vitak,Georgi & Vitak Music Co.,"Chicago, Ill.",,,print,159_mazur-modejeckiego_print.pdf,,
160,Mazur Wiejski,Rustic Mazurka,2175,D major,3/4,mazurka,G&V Polish Dance Collection,,Louis Vitak,Vitak-Elsnic Co.,"Chicago, Ill.",Vitak-Elsnic Co.,1925,print,160_mazur-wiejski_print.pdf,,
161,Mazur z Dembicy,Mazurka from Dębica,10137,D major,3/4,mazurka,,,W. Najder,W. Najder,"Chicago, Ill.",,,print,161_mazur-z-dembicy_print.pdf,,
162,D Major Mazurka,,,D major,3/4,mazurka,,,,,,,,pen,162_mazur_pen.pdf,,
163,Miła Melodya,Lovely Tune,6045,G major,2/4,polka,G&V Polish Dance Collection,,Louis Vitak,Vitak-Elsnic Co.,"Chicago, Ill.",Vitak-Elsnic Co.,1925,print,163_mila-melodya_print.pdf,,
164,Moja Luba Polka,Polka for My Beloved,,A major,2/4,polka,,,W. Adeszko,,,,,print,164_moja-luba-polka-fragment_print.pdf,"Fragment, edges on left side heavily worn",
165,Monopol Polka,Tavern Polka,2267,A major,2/4,polka,,,,Georgi & Vitak Music Co.,"Chicago, Ill.",,,print,165_monopol-pateks_print.pdf,,
166,Monopol Polka,Tavern Polka,2267,A major,2/4,polka,,,,Vitak-Elsnic Co.,"Chicago, Ill.",Vitak-Elsnic Co.,1923,print,166_monopol_print.pdf,,
167,The Music Goes Down and Around,,,G major,2/2,,,,Wallie J. Sender,,,,,pen,167_music-goes-down_pen.pdf,,
168,Musik Polka,Polka Music,,D major,2/4,polka,V+E Polish Dance Collection no. 5,,Louis Vitak,Georgi & Vitak Music Co.,"Chicago, Ill.",,,print,168_musik-polka_print.pdf,,
169,Na Boisku,In the Barn,2677,G major,2/4,polka,V+E Polish Dance Collection no. 5,Fr. Dukli,Louis Vitak,Vitak-Elsnic Co.,"Chicago, Ill.",Vitak-Elsnic Co.,1928,print,169_na-boisku_print.pdf,,
170,Na Chrzcinach u Dubiela,At Dubiel’s Christening,,D major,3/8,oberek,Polish Dance Album No. 10,,Henry Silberhorn,W. H. Sajewski,"1017 Milwaukee Ave., Chicago, Ill.",W. H. Sajewski,1927,print,170_na-chrzcinach-dubiela_print.pdf,,
171,Na Falach Dunaju,On the Waves of the Danube,,D major,3/4,waltz,,,,W. H. Sajewski,"1011 Milwaukee Ave., Chicago, Ill.",W. H. Sajewski,1912,print,171_na-falach-dunaju_print.pdf,"Alternate arrangement of ID#051, ""Danube Waves Waltz""",
172,Na Lewo,On the Left,2148,D major,3/4,kujawiak,,,J. Sinsky,Georgi & Vitak Music Co.,"Chicago, Ill.",,,print,172_na-lewo-fragment_print.pdf,,
174,Na Lewo od Borzęcina,To the Left of Borzęcin,,D major,3/8,oberek,Polish Dance Album No. 10,,Henry Silberhorn,W. H. Sajewski,"1017 Milwaukee Ave., Chicago, Ill.",W. H. Sajewski,1927,print,174_na-lewo-od_print.pdf,,
175,Na Piszę Karteczke do Rzymy,I'm Writing a Note to Rome,15053,G major,2/4,polka,,,Sta. Sobas,John Sitek,,John Sitek,1931,print,175_na-pisze-karteczke_print.pdf,,
176,Na Szary Wisły Brzeg,On the Gray Bank of the Vistula,,G major,3/4,,,,,,,,,pen,176_na-szary-wisly_pen.pdf,,
177,Na Wykretke,With a Spin,2662,D major,3/4,oberek,V+E Polish Dance Collection no. 5,Fr. Dukli,Louis Vitak,Vitak-Elsnic Co.,"Chicago, Ill.",Vitak-Elsnic Co.,1927,print,177_na-wykretke_print.pdf,,
178,Na Źielonej Łące,On the Green Meadow,15034,D major,2/4,polka,,,,John Sitek,,,,print,178_na-zielonej-lace_print.pdf,,
180,Na Zielony Łące,On the Green Meadow,2628,A major,2/4,polka,,,Louis Vitak,Vitak-Elsnic Co.,"Chicago, Ill.",Vitak-Elsnic Co.,1927,print,180_na-zielony-lace_print.pdf,"Second title given: ""Przeweodnik"" (Leader)",
181,Nämdemansmoras Hambo,Hambo of the Juryman from Mora,7527,D major,3/4,hambo,,,Henry Silberhorn,Henry Silberhorn,"Chicago, Ill.",,,print,181_namdemansmoras_print.pdf,Swedish language title and dance type (hambo),
182,Na Obata Czarny Las,Around the Black Forest,,A major,2/4,polka,,,,,,,,pencil,182_naokolo-ciemny-las_pencil.pdf,"No time signature or notes, just Chemnitzer numbers in pencil",
183,Naokoło Ciemny Las,The Dark Woods,10113,A major,2/4,polka,,,S.S. Gralak,S. S. Gralak,1532 W47th St. Chicago Ill.,S. S. Gralak,1929,print,183_naokolo-ciemny-las_print.pdf,,
184,Narodowa Polka,National Polka,15021,D major,2/4,polka,,,John Sitek,John Sitek,,,,print,184_narodowa-polka_print.pdf,,
185,Nasz Kosciuszko Dobry Był,Our Beloved Kościuszko,15041,D major,2/4,krakowiak,,,,John Sitek,,,,print,185_nasz-kosciuszko-dobry_print.pdf,,
186,Neapolitan Nights,,9641,G major,3/4,waltz,,J. S. Zamecnik,Henry Schuckert,Patek's Music Co.,"835 Milwaukee Ave., Chicago, Ill.",Sam Fox Pub. Co.,1925,print,186_neapolitan-nights_print.pdf,Back page includes ad for different concertina models,
187,Nie Idzie To Polka,This Isn't Working Polka,,G major,2/4,polka,G&V Polish Dance Collection,,Louis Vitak,Vitak-Elsnic Co.,"Chicago, Ill.",Vitak-Elsnic Co.,1925,print,187_nie-idzie-to_print.pdf,,
188,O Katharina!,,8033,D major,2/4,one step,,Richard Fall,Henry Silberhorn,Henry Silberhorn,"Chicago, Ill.",Wiener Boheme Verlag,1924,print,188_o-katharina_print.pdf,,
189,Oberek Grojecki,Oberek from Grojec,2601,G major,3/4,oberek,G&V Polish Dance Collection,,Louis Vitak,Vitak-Elsnic Co.,"Chicago, Ill.",Vitak-Elsnic Co.,1924,print,189_oberek-grojecki_print.pdf,,
190,Oberek Ujejski,Oberek from Ujejsce,2600,G major,3/4,oberek,G&V Polish Dance Collection,,Louis Vitak,Vitak-Elsnic Co.,"Chicago, Ill.",Vitak-Elsnic Co.,1924,print,190_oberek-ujejski_print.pdf,,
191,Oberek w Obie Strony,Oberek in Both Directions,15029,A major,3/4,oberek,,John Sitek,Sta Sobas,,,,,print,191_oberek-w-obie-strony_print.pdf,,
192,Oberek Wesoby,Merry Oberek,6024,G major,3/4,oberek,,,John Schultz,Henry Silberhorn,"Chicago, Ill.",Henry Silberhorn,1907,print,192_oberek-wesoby_print.pdf,,
193,Od Krzaczka do Krzaczka Walc,From Bush to Bush Waltz,15056,D major,3/4,waltz,,,Sta Sobas,John Sitek,,,,pen,193_od-krzaczkado_pen.pdf,,
194,Od Tarnowa,From Tarnow,15002,D major,2/4,polka,,,John Sitek,John Sitek,"Chicago, Ill.",John Sitek,1929,print,194_od-tarnowa_print.pdf,,
195,Od Ucha,From the Ear,,D major,2/4,polka,Polish Dance Album No. 10,,Henry Silberhorn,W. H. Sajewski,"1017 Milwaukee Ave., Chicago, Ill.",W. H. Sajewski,1927,print,195_od-ucha_print.pdf,,
196,Shuffle Off to Buffalo,,,G major,2/2,foxtrot,,,,,,,,pen,196_off-to-buffalo_pen.pdf,,
197,Oh! Oaken Leaf,,2288,C major,3/4,waltz,,Louis Vitak,,,,,,print,197_oh-oaken-leaf-fragment_print.pdf,"Fragment, bottom staves missing",
198,Olympia,,,D major,3/4,mazurka,,,,Georgi & Vitak Music Co.,"Chicago, Ill.",,,print,198_olympia_print.pdf,,
199,On Treasure Island,,196,G major,2/2,foxtrot,,"Joe Burke, Edgar Leslie",Joseph P. Elsnic,Vitak-Elsnic Co.,"4815 S. Ashland Ave., Chicago, Ill.",Joe Morris Music Co.,1935,print,199_on-treasure-island_print.pdf,,
200,Opera Z Kantowa,Opera from Kantów,2876,D major,3/4,,,,Louis Vitak,Vitak-Elsnic Co.,"Chicago, Ill.",,,print,200_opera-z-kantowa-fragment_print.pdf,Fragment,
201,Originalna Polka Pogotowie,Original First-Aid Polka,,D major,2/4,polka,,,W. Adeszko,W.H. Sajewski,"1011 Milwaukee Ave., Chicago, Ill.",W.H. Sajewski,1911,print,201_orignalna-polka_print.pdf,"Title is unclear, likely intended to be humorous",
202,Over Somebody Else's Shoulder,,174,D major,2/2,foxtrot,,"Al Lewis, Al Sherman",Joseph P. Elsnic,Vitak-Elsnic Co.,"Chicago, Ill.","Donaldson, Douglas & Gumble, Inc.",1934,print,202_over-somebody-elses_print.pdf,,
203,Paradise,,8565,D major,3/4,waltz,"""A Woman Commands"" (RKO silent film)",Hacio Herb Brown & Gordon Clifford,Henry Silberhorn,Henry Silberhorn,"521 Milwaukee Ave., Chicago, Ill.","Hacio Herb Brown, Inc.",1931,print,203_paradise-waltz_print.pdf,,
205,Pennies From Heaven,,247,G major,2/2,foxtrot,"""Pennies From Heaven"" (movie)",Arthur Johnston,Joseph P. Elsnic,Vitak-Elsnic Co.,"Chicago, Ill.","Select Music Publications, Inc",1936,print,205_pennies-from-heaven_print.pdf,,
206,Piesczotka Polka,Sweetheart Polka,,C major,2/4,polka,V+E Polish Dance Collection no. 5,,Louis Vitak,Georgi & Vitak Music Co.,"Chicago, Ill.",,,print,206_pieszczotka-polka_print.pdf,,
207,Pieszczotka,Sweetheart Polka,15031,A major,2/4,polka,,,Sta. Sobas,John Sitek,,,,print,207_pieszczotka_print.pdf,,
208,Please,,8588,G major,2/2,foxtrot,,Leo Robin & Ralph Rainger,Frank F. Schmidt,Henry Silberhorn,"521 Milwaukee Ave., Chicago, Ill.",Famous Music Corp.,1932,print,208_please-fox-trot_print.pdf,,
209,Po Balu,After the Ball,2022,D major,3/4,waltz,,,Louis Vitak,Vitak-Elsnic Co.,"Chicago, Ill.",,,print,209_po-balu_print.pdf,"Subtitle ""Do Wuja Starca"" means ""To the old uncle""",
210,Po Naszemu Polka,In Our Way Polka,,G major,2/4,polka,,,,,,,,pen,210_po-naszemu_pen.pdf,,
211,Po Staremu,In the Old Way,9591,D major,2/4,polka,,,Rudy Patek,Patek's Music Store,"835 Milwaukee Ave., Chicago, Ill.",Patek's Music Store,1928,print,211_po-staremu_print.pdf,,
212,Pod Zielonym Dębem,Under the Green Oak,,D major,2/4,polka,V+E Polish Dance Collection no. 4,,Louis Vitak,Vitak-Elsnic Co.,"Chicago, Ill.",,,print,212_pod-zielonym_print.pdf,,
213,Podhalanka Polka,Highlander Polka,15055,D major,2/4,polka,,,Ed. Czmiel,John Sitek,,John Sitek,1932,print,213_podhalanka-polka_print.pdf,,
214,Pognała Wołki,She Drove the Little Oxen,,G major,2/4,polka,,,W. Najder,,,W.H. Sajewski,1925,pen,214_pognata-wotki_pen.pdf,,
215,Pogotowie Polka,Emergency Polka,,D major,2/4,polka,,,Rudy Patek,Patek's Music Store,"835 Milwaukee Ave., Chicago, Ill.",,,print,215_pogotowie_print.pdf,,
217,Polka Oficerska,Officer's Polka,,D major,2/4,polka,,,,,,,,pen,217_polka-oficerska_pen.pdf,,
218,Polka W Szafliku No.2,Pail Polka No. 2,,A major,2/4,polka,V+E Polish Dance Collection no. 5,,Louis Vitak,Vitak-Elsnic Co.,"Chicago, Ill.",,,print,218_polka-w-szafliku-2_print.pdf,,
219,Polka Wrzbickiego,Wrzbicki’s Polka,2681,D major,2/4,polka,V+E Polish Dance Collection no. 5,Frank Dukli,Louis Vitak,Vitak-Elsnic Co.,"Chicago, Ill.",Vitak-Elsnic Co.,1928,print,219_polka-wrzbickiego_print.pdf,,
220,Polka Z Debowca,Polka from Dębowiec,2663,G major,3/4,polka,V+E Polish Dance Collection no. 5,Fr. Dukli,Louis Vitak,Vitak-Elsnic Co.,"Chicago, Ill.",Vitak-Elsnic Co.,1927,print,220_polka-z-debowca_print.pdf,Unusual that this 3/4 piece is labeled as polka,
221,Pomaluśku Nawracaicie,You Turn Slowly,2689,D major,3/4,oberek,V+E Polish Dance Collection no. 5,Fr. Dukli,Louis Vitak,Vitak-Elsnic Co.,"Chicago, Ill.",Vitak-Elsnic Co.,1928,print,221_pomalusku-nawracaicie_print.pdf,,
222,Rach Ciach Ciach,Snap Crack Crack,6026,A major,2/4,polka,,,,Patek's Music Store,"Chicago, Ill.",,,print,222_rach-ciach_print.pdf,,
223,Rain,,8668,G major,2/2,foxtrot,,Billy Hill & Peter De Rose,Frank F. Schmidt,Henry Silberhorn,"521 Milwaukee Ave., Chicago, Ill.","Shapiro, Bernstein & Co.",1934,print,223_rain-fox-trot_print.pdf,,
224,Repasz Band,,5037,D major,6/8,march & two step,,,,Patek's Music Store,"835 Milwaukee Ave., Chicago, Ill.",Vandersloot Music Co.,1904,print,224_repasz-band-pateks_print.pdf,,
225,Repasz Band,,5037,D major,6/8,march & two step,,,Henry Silberhorn,Henry Silberhorn,"Chicago, Ill.",Vandersloot Music Co.,1912,print,225_repasz-band_print.pdf,"Dynamic marking ""ff"", Same arrangement, older copyright, different publisher cf ID#224",
226,Roll Along Prairie Moon,,192,D major,2/2,foxtrot,,"Ted Fiorito, Harry Mac Pherson, Albert Von Tilzer",Joseph P. Elsnic,Vitak-Elsnic Co.,"Chicago, Ill.",Metro-Goldwyn-Mayer,1935,print,226_roll-along-prairie_print.pdf,"Tempo marking: ""Slowly (with feeling)""",
227,Rose Waltz,,1319,D major,3/4,waltz,,,Henry Silberhorn,Henry Silberhorn,"Chicago, Ill.",,,print,227_rose-waltz_print.pdf,,
228,Rozalien-Polka,,2158,D major,2/4,polka,G&V Polish Dance Collection,A. Bielech,Louis Vitak,Vitak-Elsnic Co.,"Chicago, Ill.",Vitak-Elsnic Co.,1923,print,228_rozalien_print.pdf,,
229,Roztargniony Walec,Scatterbrained Waltz,,G major,3/4,waltz,,A. Karasinski,W. Adeszko,W.H. Sajewski,"1011 Milwaukee Ave., Chicago, Ill.",,,print,229_roztargniony-walec_print.pdf,,
231,Secita-Polka,,6521,G major,2/4,polka,,,,Georgi & Vitak Music Co.,"Chicago, Ill.",,,print,231_secita_print.pdf,,
232,Sleepy Head,,8654,G major,2/2,foxtrot,"""Operator 13"" (movie)",Gus Kahn and Walter Donaldson,Frank F. Schmidt,Henry Silberhorn,"521 Milwaukee Ave., Chicago, Ill.",Metro-Goldwyn-Mayer Corp.,1934,print,232_sleepy-head_print.pdf,,
233,Słowik Polka,Nightingale Polka,,D major,2/4,polka,V+E Polish Dance Collection no. 5,,Louis Vitak,Vitak-Elsnic Co.,"Chicago, Ill.",,,print,233_slowik-polka_print.pdf,,
234,Słowik Polka,Nightingale Polka,2500,D major,2/4,polka,,,,Georgi & Vitak Music Co.,"Chicago, Ill.",,,print,234_slowik_print.pdf,,
235,Smutna Dziewczyna,Sad Girl,2684,D major,2/4,polka,,Fr. Dukli,Louis Vitak,Vitak-Elsnic Co.,"Chicago, Ill.",Vitak-Elsnic Co.,1928,pen,235_smutna-dziewczyna_pen.pdf,,
236,Smutna Dziewczyna Polka,Sad Girl,2684,D major,2/4,polka,V+E Polish Dance Collection no. 5,Fr. Dukli,Louis Vitak,Vitak-Elsnic Co.,"Chicago, Ill.",Vitak-Elsnic Co.,1928,print,236_smutna-dziewczyna_print.pdf,,
237,Some Of These Days,,9619,E minor,2/2,foxtrot,,,Henry Schuckert,Patek's Music Co.,"835 Milwaukee Ave., Chicago, Ill.",Will Rossiter,1922,print,237_some-of-these-days-2_print.pdf,,
238,Some Of These Days,,9619,E minor,2/2,foxtrot,,,Henry Schuckert,Patek's Music Co.,"835 Milwaukee Ave., Chicago, Ill.",Will Rossiter,1922,print,238_some-of-these-days_print.pdf,"Alternate print of ID#237 by same publisher, same arrangement",
239,Somebody Loves You,,,D major,2/2,foxtrot,,,,,,,,pen,239_somebody-loves-you_pen.pdf,,
240,South Side Galop No. 1,,,G major,2/4,galop,,,Rudy Patek,Patek's Music Store,"Chicago, Ill.",,,print,240_south-side-galop_print.pdf,,
241,Spary,,,C major,2/4,polka,,,Joe Skitz,,,,,print,241_spary-polka_print.pdf,"Title unclear, ""spary"" has no clear meanings in Polish, German, or Lithuanian",
242,Sporki Wojskowe,Little Skirmishes,127,D major,2/4,,,,W. Najder,W. Najder,"Chicago, Ill.",,,print,242_sporki-wojskowe_print.pdf,Includes cornet part for cornet in A (melody in F major),
243,When It's Springtime In The Rockies,,110,D major,3/4,waltz,,"Robert Sauer, Milt Taggart",Joseph P. Elsnic,Vitak-Elsnic Co.,"Chicago, Ill.","Villa Moret, Inc.",1929,print,243_springtime-in-the-rockies-fragment_print.pdf,,
244,Sprzedał Woły Na Yarmarku,He Sold Oxen at the Fair,,D major,3/4,oberek,,,W. Adeszko,W.H. Sajewski,"Chicago, Ill.",W.H. Sajewski,1911,print,244_sprzedal-woly-na-fragment_print.pdf,Fragment- significant wear around bottom and right side,
245,Sweet Bunch Of Daisies,,180,D major,3/4,waltz,,,Henry Silberhorn,Henry Silberhorn,"Chicago, Ill.",,,print,245_sweet-bunch-of-daisies_print.pdf,,
246,Sweethearts Waltz,,2514,D major,3/4,waltz,,,Henry Silberhorn,Henry Silberhorn,"Chicago, Ill.",Henry Silberhorn,1914,print,246_sweethearts-waltz_print.pdf,"Rare ""p"" dynamic marking",
247,Szewska Polka,Shoemaker’s Polka,,D major,2/4,polka,V+E Polish Dance Collection no. 5,,Louis Vitak,Georgi & Vitak Music Co.,"Chicago, Ill.",,,print,247_szewska-polka_print.pdf,,
248,Szła Cyganka Dolinką,The Gypsy Walked Through the Valley,15060,D major,2/4,polka,,,Sta. Sobas,John Sitek,"Chicago, Ill.",John Sitek,1933,print,248_szla-cyganka-dolinka_print.pdf,,
249,Take Me In Your Arms,,9645,D major,2/2,foxtrot,,Fred Markush and Fritz Rotter,Henry Schuckert,Patek's Music Co.,"835 Milwaukee Ave., Chicago, Ill.",Mills Music Co.,1932,print,249_take-me-in-your-arms_print.pdf,,
251,Thanks,,8623,G major,2/2,foxtrot,"""Too Much Harmony"" (movie)",Arthur Johnston and Sam Coslow,Henry Silberhorn,Henry Silberhorn,"521 Milwaukee Ave., Chicago, Ill.",Famous Music Corp.,1933,print,251_thanks-foxtrot_print.pdf,,
252,The Man On The Flying Trapeze,,6735,G major,3/4,waltz,,,Henry Schuckert,Patek's Music Co.,"835 Milwaukee Ave., Chicago, Ill.",,,print,252_the-man-on-the-flying_print.pdf,,
253,The Missouri Waltz,,1608,D major,3/4,waltz,,Frederic Knight Logan,Henry Silberhorn,Henry Silberhorn,"Chicago, Ill.",Forster Music House,1915,print,253_the-missourit-waltz_print.pdf,,
254,The Old Spinning Wheel,,8631,G major,2/2,foxtrot,,Billy Hill,Frank F. Schmidt,Henry Silberhorn,"521 Milwaukee Ave., Chicago, Ill.","Shapiro, Berstein & Co.",1933,print,254_the-old-spinning-wheel_print.pdf,,
255,They Cut Down The Old Pine Tree,,8527,G major,2/2,foxtrot,,"Willie Baskin, George Brown & Edward Eliscu",Henry Silberhorn,Henry Silberhorn,"521 Milwaukee Ave., Chicago, Ill.","Vincent Youmans, Inc.",1929,print,255_they-cut-down-the-old_print.pdf,,
256,Tir-Ri-Um Tum Mazurka,,,A major,3/4,mazurka,G&V Polish Dance Collection,,Louis Vitak,Vitak-Elsnic Co.,"Chicago, Ill.",Vitak-Elsnic Co.,1925,print,256_tir-ri-um-tum_print.pdf,,
257,"Trink, Trink, Brüderlein Trink","Drink, Drink, Little Brother, Drink",4210,D major,3/4,waltz,,,,,,,,pen,257_trink-bruderlein_pen.pdf,Popular German song,
260,Troszke Mi Sie Chciało,I Sort of Wanted To,,G major,3/4,mazurka,Polish Dance Album No. 10,,Henry Silberhorn,W. H. Sajewski,"1017 Milwaukee Ave., Chicago, Ill.",W. H. Sajewski,1927,print,260_troske-mi-sie_print.pdf,,
261,Two Buck Tim From Timbuctoo,,,C major,2/2,foxtrot,,,Mario Agnolucci,,,,,pen,261_two-buck-tim_pen.pdf,,
262,U Mojego Wuja,At My Uncle's,,D major,2/4,polka,Polish Dance Album No. 10,,Henry Silberhorn,W. H. Sajewski,"1017 Milwaukee Ave., Chicago, Ill.",W. H. Sajewski,1927,print,262_u-mojego-wuja_print.pdf,,
263,V. E. No. 94 Fragment,,94,G major,3/4,,,,,,,,,print,263_ve-no94_print.pdf,Fragment- second page of a two-page work,
265,Virginia Reel,,118,D major,2/4,reel,,Otto E. Georgi,,Georgi & Vitak Music Co.,"Chicago, Ill.",,,print,265_virginia-reel_print.pdf,"""Virginia Reel"" was a popular American dance piece, and a ""reel"" a type of American folk dance",
266,W Szafliku Polka No. 1,Polka in the Washbasin No. 1,2433,D major,2/4,polka,,,Henry Schuckert,Georgi & Vitak Music Co.,"Chicago, Ill.",,,print,266_w-szafliku-polka_print.pdf,,
267,W. Szafliku-Polka No. 1,Polka in the Washbasin No. 1,2433,D major,2/4,polka,,,Henry Schuckert,Georgi & Vitak Music Co.,"Chicago, Ill.",,,print,267_w-szajliku_print.pdf,"Duplicate of ID#266, but in a different typeset and slightly more worn",
269,Wabash Blues,,7826,A major,4/4,foxtrot,,D. Ringle and Fred Meiken,Henry Silberhorn,Henry Silberhorn,"519 S. Wabash Ave., Chicago, Ill.","Leo Feist, Inc.",1922,print,269_wabash-blues_print.pdf,,
270,Walczyki Ludowe No. 1,Little Folk Waltzes No. 1,,A major,3/4,waltz,,,,,,,,pen,270_walczyki-ludowe_pen.pdf,"Incomplete: no concertina numbers, just the melody. Includes rare dynamic ""p"" at beginning",
272,Wanda Polka,,6048,G major,2/4,polka,G&V Polish Dance Collection,,Louis Vitak,Vitak-Elsnic Co.,"Chicago, Ill.",Vitak-Elsnic Co.,1925,print,272_wanda-polka_print.pdf,,
273,We Just Couldn't Say Good-bye,,8577,G major,2/2,foxtrot,,Harry Woods,Frank F. Schmidt,Henry Silberhorn,"521 Milwaukee Ave., Chicago, Ill.","Keith-Engel, Inc.",1932,print,273_we-just-couldnt-say_print.pdf,,
274,Wesele U Witosa,Witos’s Wedding,,D major,2/4,krakowiak,Polish Dance Album No. 10,,Henry Silberhorn,W. H. Sajewski,"1017 Milwaukee Ave., Chicago, Ill.",W. H. Sajewski,1927,print,274_wesele-u-witosa-hs_print.pdf,May refer to famous politician and peasant leader Wincenty Witos,
275,Wesele U Witosa,Witos’s Wedding,2661,D major,2/4,krakowiak,,,Louis Vitak,Vitak-Elsnic Co.,"4639 So. Ashland Ave., Chicago, Ill.",Vitak-Elsnic Co.,1927,print,275_wesele-u-witosa-vitak_print.pdf,"See ID#274, different arrangement here but same tune",
276,Wesole Wesele,Merry Wedding,6204,A major,3/4,kujawiak,,Nakład S. S. Gralak,Nakład S. S. Gralak,S.S. Gralak Music House,"1532 W. 47 St., Chicago, Ill.",S.S. Gralak Music House,1913,print,276_wesole-wesole_print.pdf,,
277,Wesoly Goral,Happy Mountaineer,6729,D major,2/4,polka,,B. Rosaryk,Rudy Patek,Patek's Music Co.,"835 Milwaukee Ave., Chicago, Ill.",Bob Rosaryk,1932,print,277_wesoly-goral-patek_print.pdf,,
278,Wesoly Góral Mazur,Jolly Mountaineer Mazurka,,D major,3/4,mazurka,,,,John Sitek,,,,print,278_wesoly-goral-sitek_print.pdf,"Not the same piece as ID#277, ""Wesoly Goral""",
279,Wesoły Oberek,Merry Oberek,6024,G major,3/4,oberek,G&V Polish Dance Collection,,Louis Vitak,Vitak-Elsnic Co.,"Chicago, Ill.",Vitak-Elsnic Co.,1925,print,279_wesoly-oberek_print.pdf,,
280,Wesoły Pijak,The Merry Drunk,,D major,3/8,,,,John Sitek,John Sitek,"Chicago, Ill.",John Sitek,1929,print,280_wesoly-pijak_print.pdf,,
281,West Wind,,4528,D major,2/4,polka,,,Rudy Patek,Patek's Music Store,"Chicago, Ill.",,,print,281_west-wind_print.pdf,,
282,Whose Honey Are You?,,9669,C major,2/2,foxtrot,,Haven Gillespie and J. Fred Coots,Henry Schuckert,Patek's Music Co.,"835 Milwaukee Ave., Chicago, Ill.","Leo Feist, Inc.",1935,print,282_whose-honey-are-you_print.pdf,,
283,Widzialaś Diewczyno Ten Kamień Nad Woda,"Girl, Did You See That Stone by the Water?",,D major,2/4,krakowiak,,,,,,,,pen,283_widzialas-diewczyno_pen.pdf,,
284,Wieczorna Polka,Evening Polka,125,G major,2/4,polka,,,W. Najder,W. Najder,"2149 W.22nd St., Chicago, Ill.",,,print,284_wieczorna-polka_print.pdf,Includes cornet part for cornet in A (melody written in Bb),
285,Wieczorne Dzwony Walc,Evening Bells Waltz,15061,G major,3/4,waltz,,,Sta Sobas,John Sitek,"Chicago, Ill.",John Sitek,1933,print,285_wieczorne-dzwony_print.pdf,,
286,Wilczek Polka,,,D major,2/4,polka,V+E Polish Dance Collection no. 5,,Louis Vitak,Georgi & Vitak Music Co.,"Chicago, Ill.",,,print,286_wilczek-polka_print.pdf,"Title could refer to surname- ""Wilczek's Polka"" or a literal translation- ""Little Wolf Polka""",
287,Wiosna - Mazurka,Spring Mazurka,2552,A minor,3/4,mazurka,,,Louis Vitak,,,,,print,287_wiosna-mazurka_print.pdf,,
288,Wir Gehen Nach Lindenau,We're Going to Lindenau,4520,D major,2/2,polka,,,Rudy Patek,Patek's Music Store,"Chicago, Ill.",,,print,288_wir-gehen-nach-fragment_print.pdf,"Fragment, right edges worn",
289,With My Eyes Wide Open I'm Dreaming,,8661,D major,2/2,foxtrot,"""Shoot the Works"" (Paramount picture)",Mack Gordon & Harry Revel,Frank F. Schmidt,Henry Silberhorn,"521 Milwaukee Ave., Chicago, Ill.",Paramount Productions Music Corp.,1934,print,289_with-my-eyes-wide_print.pdf,,
290,Wiwat Oberek,Hurrah Oberek,,G major,3/8,oberek,V+E Polish Dance Collection no. 5,,Louis Vitak,Georgi & Vitak Music Co.,"Chicago, Ill.",,,print,290_wiwat-oberek_print.pdf,,
291,Wlesie Polka,In the Forest Polka,9601,D major,2/4,polka,,,Henry Schuckert,Patek's Music Store,"835 Milwaukee Ave., Chicago, Ill.",,,print,291_wlesie_polka.pdf,Title appears to be a corrupted Polish phrase: 'W' should be separate from 'Lesie' for proper Polish,
292,Wodne Lilie Walec,Water Lilies Waltz,,D major,3/4,waltz,,,W. Adeszko,W.H. Sajewski,"1011 Milwaukee Ave., Chicago, Ill.",,,print,292_wodne-lilie-walec-fragment_print.pdf,,
293,Wojenko Wejenko,"Oh War, Little War",,G major,2/4,,,,,,,,,pen,293_wojenko-wojenko_pen.pdf,"Popular Polish war lament in WW1, with opening lyrics, ""Oh war, little war, what kind of lady you are...""",
294,Wszystkie Sie Pola Zazielenily,The Green Grove,6057,A major,3/4,waltz,,,Henry Silberhorn,Henry Silberhorn,"Chicago, Ill.",,,print,294_wszystkie-sie-pola_print.pdf,,
295,Yankee Waltz,,1144,G major,3/4,waltz,,H. W. Yankee,Henry Silberhorn,Henry Silberhorn,"Chicago, Ill.",Herman W. Yankee,1911,print,295_yankee-waltz_print.pdf,Missing a measure or two,
296,You Are My Sunshine,,411,G major,2/2,foxtrot,,Jimmie Davis and Charles Mitchell,Joseph P. Elsnic,Vitak-Elsnic Co.,"Chicago, Ill.",Southern Music Publishing Co.,1940,print,296_you-are-my-sunshine_print.pdf,,
297,You Call It Madness But I Call It Love,,148,G major,2/2,foxtrot,,"Con Conrad, Gladys Du Bois, Russ Columbo, Paul Gregory",Joseph P. Elsnic,Vitak-Elsnic Co.,"Chicago, Ill.","Con Conrad Music Publisher, Ltd.",1931,print,297_you-call-it-madness_print.pdf,,
298,You're Telling Me,,155,D major,2/2,foxtrot,,"Gus Kahn, Walter Donaldson",Joseph P. Elsnic,Vitak-Elsnic Co.,"Chicago, Ill.","Donaldson, Douglas & Gumble, Inc.",1932,print,298_youre-telling-me_print.pdf,,
299,Z Góry Marcina,From Marcin’s Hill,2688,D major,2/4,polka,V+E Polish Dance Collection no. 5,Frank Dukli,Louis Vitak,Vitak-Elsnic Co.,"Chicago, Ill.",Vitak-Elsnic Co.,1928,print,299_z-gory-marcina_print.pdf,,
300,Z Małopolski,From Lesser Poland,2720,D major,3/4,kujawiak,,John Sitek,Joseph P. Elsnic,Vitak-Elsnic Co.,"Chicago, Ill.",Vitak-Elsnic Co.,1929,print,300_z-malopolski_print.pdf,,
301,Za Lasem Oberek,Beyond the Forest Oberek,15054,A major,3/4,oberek,,,Sta. Sobas,John Sitek,,John Sitek,1931,print,301_za-lasem_print.pdf,,
302,Zawierucha - Mazur,Blizzard - Mazurka,2547,A major,3/4,mazurka,,,,,,,,print,302_zawierucha_print.pdf,,
303,Zegnal Goral Goralke,The Highlander Bade Farewell to the Highland Girl,10129,G major,2/4,polka,,,W. Najder,W. Najder,"2149 W.22nd St., Chicago, Ill.",,,print,303_zegnal-goral_print.pdf,,
304,Żegnam Cie - Walc,Aloha Oe (Farewell to Thee),1255,D major,3/4,waltz,G&V Polish Dance Collection,,Louis Vitak,Vitak-Elsnic Co.,"Chicago, Ill.",Vitak-Elsnic Co.,1925,print,304_zegnam-cie_print.pdf,"From the Hawaiian song ""Aloha Oe"" originally written by Queen Liliʻuokalani",
305,Z Wielkiej Polski,From Greater Poland,15017,D major,3/8,kujawiak,,,John Sitek,John Sitek,,,,print,305_zwielkiej-polski_print.pdf,,
306,"Zyd w Beczce, Polka",Jew in a Barrel Polka,,G major,2/4,polka,,K. Namysłowski,Witold Adeszko,W.H. Sajewski,"1011 Milwaukee Ave., Chicago, Ill.",W.H. Sajewski,1915,print,306_zyd-w-beczce-polka_print.pdf,,
307,Zytniowka - Polka,Rye Polka,2421,A major,2/4,polka,,,Louis Vitak,Georgi & Vitak Music Co.,"Chicago, Ill.",Georgi & Vitak Music Co.,1922,print,307_zytniowka-polka_print.pdf,,
308,"Zywiej, Zywiej, moja Dziewczyno Polka","Livelier, Livelier, My Girl - Polka",3757,G major,2/4,polka,G&V Polish Dance Collection,,Louis Vitak,Vitak-Elsnic Co.,"Chicago, Ill.",Vitak-Elsnic Co.,1925,print,308_zywiej-moja-dziewczyno_print.pdf,,